<?xml version="1.0" ?>

<container xmlns="http://symfony.com/schema/dic/services"
    xmlns:xsi="http://www.w3.org/2001/XMLSchema-instance"
    xsi:schemaLocation="http://symfony.com/schema/dic/services http://symfony.com/schema/dic/services/services-1.0.xsd">


    <services>
        <service id="Orthos.ProntuarioBusiness" class="Orthos\Bundle\ProntuarioBundle\Business\ProntuarioBusiness">
            <argument type="service" id="service_container"/>
        </service>

        <service id="Orthos.ProcedimentoBusiness" class="Orthos\Bundle\ProntuarioBundle\Business\ProcedimentoBusiness">
            <argument type="service" id="service_container"/>
        </service>

        <service id="Orthos.ProcedimentoArealizarBusiness" class="Orthos\Bundle\ProntuarioBundle\Business\ProcedimentoArealizarBusiness">
            <argument type="service" id="service_container"/>
        </service>

        <service id="Orthos.ProcedimentoRealizadosBusiness" class="Orthos\Bundle\ProntuarioBundle\Business\ProcedimentoRealizadosBusiness">
            <argument type="service" id="service_container"/>
        </service>
    </services>

</container>
