<?xml version="1.0" ?>

<container xmlns="http://symfony.com/schema/dic/services"
    xmlns:xsi="http://www.w3.org/2001/XMLSchema-instance"
    xsi:schemaLocation="http://symfony.com/schema/dic/services http://symfony.com/schema/dic/services/services-1.0.xsd">


    <services>
        <service id="Orthos.NewslatterBusiness" class="Orthos\Bundle\NewslatterBundle\Business\NewslatterBusiness">
            <argument type="service" id="service_container"/>
        </service>

        <service id="Orthos.NewslatterEnvioBusiness" class="Orthos\Bundle\NewslatterBundle\Business\NewslatterEnvioBusiness">
            <argument type="service" id="service_container"/>
        </service>

        <service id="Orthos.ModeloDocumentoBusiness" class="Orthos\Bundle\NewslatterBundle\Business\ModeloDocumentoBusiness">
            <argument type="service" id="service_container"/>
        </service>
    </services>

</container>
